emp_id,name,department,designation,experience,salary,email,phone
EMP001,Sumanth,CSE,Student,5 years,10LPA,sumanth@gmail.com,9032136337
EMP002,Mukesh,CSE,Student,6 years,11LPA,124@gmail.com,9032136337
EMP003,Sai,CSE,Student,7 years,12LPA,123@gmail.com,9032136337
EMP004,Valli,CSE,Student,8 years,13LPA,125@gmail.com,9032136337
EMP005,Liki,CSE,Student,9 years,14LPA,126@gmail.com,9032136337
EMP006,Aunty,CSE,Student,10 years,15LPA,127@gmail.com,9032136337
EMP007,bubli,CSE,Student,11 years,16LPA,128@gmail.com,9032136337
EMP008,Cheki,CSE,Student,12 years,17LPA,129@gmail.com,9032136337
EMP009,Bunty,CSE,Student,13 years,18LPA,128@gmail.com,9032136337
EMP010,Ram,CSE,Student,14 years,19LPA,12m@gmail.com,9032136337
EMP011,Kiran,CSE,Student,15 years,20LPA,kiran11@gmail.com,9032136337
EMP012,Anil,CSE,Student,16 years,21LPA,anil12@gmail.com,9032136337
EMP013,Pooja,CSE,Student,17 years,22LPA,pooja13@gmail.com,9032136337
EMP014,Ravi,CSE,Student,18 years,23LPA,ravi14@gmail.com,9032136337
EMP015,Sneha,CSE,Student,19 years,24LPA,sneha15@gmail.com,9032136337
EMP016,Nikhil,CSE,Student,20 years,25LPA,nikhil16@gmail.com,9032136337
EMP017,Priya,CSE,Student,21 years,26LPA,priya17@gmail.com,9032136337
EMP018,Arjun,CSE,Student,22 years,27LPA,arjun18@gmail.com,9032136337
EMP019,Meena,CSE,Student,23 years,28LPA,meena19@gmail.com,9032136337
EMP020,Varun,CSE,Student,24 years,29LPA,varun20@gmail.com,9032136337
EMP021,Divya,CSE,Student,25 years,30LPA,divya21@gmail.com,9032136337
EMP022,Rahul,CSE,Student,26 years,31LPA,rahul22@gmail.com,9032136337
EMP023,Akhil,CSE,Student,27 years,32LPA,akhil23@gmail.com,9032136337
EMP024,Manasa,CSE,Student,28 years,33LPA,manasa24@gmail.com,9032136337
EMP025,Harsha,CSE,Student,29 years,34LPA,harsha25@gmail.com,9032136337
EMP026,Teja,CSE,Student,30 years,35LPA,teja26@gmail.com,9032136337
EMP027,Charan,CSE,Student,31 years,36LPA,charan27@gmail.com,9032136337
EMP028,Keerthi,CSE,Student,32 years,37LPA,keerthi28@gmail.com,9032136337
EMP029,Naveen,CSE,Student,33 years,38LPA,naveen29@gmail.com,9032136337
EMP030,Bhavana,CSE,Student,34 years,39LPA,bhavana30@gmail.com,9032136337
EMP031,Prasad,CSE,Student,35 years,40LPA,prasad31@gmail.com,9032136337
EMP032,Deepika,CSE,Student,36 years,41LPA,deepika32@gmail.com,9032136337
EMP033,Sandeep,CSE,Student,37 years,42LPA,sandeep33@gmail.com,9032136337
EMP034,Lavanya,CSE,Student,38 years,43LPA,lavanya34@gmail.com,9032136337
EMP035,Mahesh,CSE,Student,39 years,44LPA,mahesh35@gmail.com,9032136337
EMP036,Swathi,CSE,Student,40 years,45LPA,swathi36@gmail.com,9032136337
EMP037,Vikram,CSE,Student,41 years,46LPA,vikram37@gmail.com,9032136337
EMP038,Anusha,CSE,Student,42 years,47LPA,anusha38@gmail.com,9032136337
EMP039,Rohith,CSE,Student,43 years,48LPA,rohith39@gmail.com,9032136337
EMP040,Yamini,CSE,Student,44 years,49LPA,yamini40@gmail.com,9032136337
EMP041,Ajay,CSE,Student,45 years,50LPA,ajay41@gmail.com,9032136337
EMP042,Kavya,CSE,Student,46 years,51LPA,kavya42@gmail.com,9032136337
EMP043,Surya,CSE,Student,47 years,52LPA,surya43@gmail.com,9032136337
EMP044,Nandini,CSE,Student,48 years,53LPA,nandini44@gmail.com,9032136337
EMP045,Madhav,CSE,Student,49 years,54LPA,madhav45@gmail.com,9032136337
EMP046,Sirisha,CSE,Student,50 years,55LPA,sirisha46@gmail.com,9032136337
EMP047,Lokesh,CSE,Student,51 years,56LPA,lokesh47@gmail.com,9032136337
EMP048,Mounika,CSE,Student,52 years,57LPA,mounika48@gmail.com,9032136337
EMP049,Tarun,CSE,Student,53 years,58LPA,tarun49@gmail.com,9032136337
EMP050,Geetha,CSE,Student,54 years,59LPA,geetha50@gmail.com,9032136337
